Accession,EVS_3_1,EVS_3_2,EVS_3_3,EVS_3_4
g__Pseudomonas,3.348776721,96.53472053,11.67194993,77.6070877
g__Acinetobacter,0.149015145,0.010837465,0.15985261,0.056896692
g__Ralstonia,76.55856295,0.018965564,0.785716221,0.032512395
g__norank_f__Muribaculaceae,0,0,0,0
g__Serratia,0,0.02167493,0,0.010837465
g__unclassified_c__Parcubacteria,0.585223116,0.149015145,1.23818039,3.232273971
g__norank_f__norank_o__Saccharimonadales,0.265517895,0.111084017,1.067490314,1.059362215
g__Streptomyces,0.008128099,0,0.035221762,0
g__Brevundimonas,0.111084017,0,0.054187326,0.035221762
g__norank_f__Gemmatimonadaceae,0.167980709,0.013546831,0.555420087,0.18965564
g__norank_f__Thermoactinomycetaceae,0.02167493,0.606898047,4.559863448,0.463301634
g__Pseudoxanthomonas,0.013546831,0,0.008128099,0
g__norank_f__Microscillaceae,0,0.002709366,0.018965564,0.002709366
g__Methylophilus,0.032512395,0.013546831,0.146305779,0.040640494
g__norank_f__Anaerolineaceae,1.297786448,0.065024791,6.307404698,1.132515105
g__norank_f__norank_o__SBR1031,1.097293343,0.18965564,11.92121163,0.631282343
g__Acidovorax,0.13817768,0.024384297,0.246552331,0.040640494
g__Aurantimicrobium,0,0,0,0.008128099
g__Prevotellaceae_Ga6A1_group,0,0,0,0
g__unclassified_o__Saccharimonadales,0.241133599,0.070443523,0.753203826,1.118968273
g__Sphingomonas,0.6990165,0.018965564,0.132758948,0.081280988
g__unclassified_f__Comamonadaceae,0.105665285,0.008128099,0.059606058,0.046059227
g__Bacillus,0.002709366,0,0.005418733,0.010837465
g__norank_f__norank_o__Candidatus_Woesebacteria,0.455173535,0.083990355,0.783006855,1.807147308
g__norank_f__norank_o__norank_c__Berkelbacteria,0.081280988,0.010837465,0.387439378,0.398276843
g__Flavobacterium,0.013546831,0,0.008128099,0
g__norank_f__LWQ8,0.086699721,0.035221762,0.457882901,0.42266114
g__Lysobacter,0.016256198,0,0.008128099,0.005418733
g__norank_f__norank_o__norank_c__WWE3,0.127340215,0.127340215,0.463301634,0.430789238
g__SWB02,0.04334986,0.005418733,0.214039936,0.013546831
g__Sediminibacterium,0,0,0,0
g__norank_f__norank_o__norank_c__Dojkabacteria,0.037931128,0.02167493,0.325123954,0.484976564
g__Hydrogenophaga,0,0,0.016256198,0
g__norank_f__norank_o__Gastranaerophilales,0.503942128,0.081280988,3.565526023,0.398276843
g__unclassified_p__Chloroflexi,0.736947628,0.078571622,2.647050855,0.395567477
g__norank_f__norank_o__RBG-13-54-9,0.65566664,0.170690076,3.205180308,0.468720366
g__Ferrovibrio,0,0,0,0
g__Meiothermus,0.661085372,0,2.064537105,1.059362215
g__unclassified_p__Patescibacteria,0.065024791,0.018965564,0.149015145,0.222168035
g__unclassified_f__Gallionellaceae,0.270936628,0.07315289,0.988918692,0.753203826
g__Methyloversatilis,0.005418733,0,0,0
g__norank_f__Eubacterium_coprostanoligenes_group,0,0,0,0
g__unclassified_f__Methylomonadaceae,0.736947628,0.121921483,2.208133518,0.330542686
g__norank_f__WWH38,0.07315289,0,0.140887047,0.224877401
g__unclassified_f__Intrasporangiaceae,0,0,0.027093663,0
g__Hirschia,0,0,0.013546831,0.008128099
g__unclassified_f__Lachnospiraceae,0,0,0,0
g__Bacteroides,0,0,0,0
g__Blastomonas,0,0,0,0
g__norank_f__Christensenellaceae,0.005418733,0,0.086699721,0.024384297
g__MND1,0.403695576,0.027093663,1.265274052,0.097537186
g__norank_f__norank_o__Candidatus_Jorgensenbacteria,0.216749302,0.027093663,0.311577122,0.774878756
g__unclassified_c__Anaerolineae,0.400986209,0.200493105,2.167493023,0.208621204
g__unclassified_f__Blastocatellaceae,0.04334986,0.027093663,2.582026064,0.249261698
g__Methylibium,0,0,0,0
g__unclassified_f__Micrococcaceae,0.032512395,0,0.005418733,0.02167493
g__unclassified_f__Oxalobacteraceae,0.016256198,0.005418733,0.035221762,0
g__norank_f__norank_o__Candidatus_Kaiserbacteria,0.013546831,0,0.04334986,0.07315289
g__norank_f__norank_o__S085,0.425370506,0.040640494,2.240645913,0.105665285
g__norank_f__norank_o__Chloroplast,0,0,0,0
g__norank_f__A4b,0.224877401,0.024384297,2.013059145,0.140887047
g__Ramlibacter,0.02167493,0,0.203202471,0.016256198
g__unclassified_f__Rhizobiaceae,0.008128099,0,0.008128099,0
g__norank_f__Fimbriimonadaceae,0.176108808,0.046059227,1.528082581,0.149015145
g__norank_f__norank_o__Candidatus_Staskawiczbacteria,0.024384297,0.005418733,0.111084017,0.25468043
g__norank_f__norank_o__norank_c__CPR2,0.032512395,0,0.016256198,0.013546831
g__norank_f__Desulfovibrionaceae,0,0,0,0
g__unclassified_k__norank_d__Bacteria,0.067734157,0.035221762,0.48768593,0.070443523
g__Escherichia-Shigella,0.032512395,0,0.016256198,0
g__unclassified_f__Oscillospiraceae,0,0,0,0
g__Ruminococcus,0,0,0,0
g__norank_f__norank_o__Micavibrionales,0,0,0.002709366,0
g__norank_f__norank_o__Candidatus_Levybacteria,0.013546831,0.005418733,0.081280988,0.149015145
g__norank_f__UCG-010,0,0,0,0
g__Anaerolinea,0.25468043,0.002709366,1.403451733,0.146305779
g__Sphingopyxis,0,0,0.054187326,0.013546831
g__norank_f__norank_o__SM1A07,0.054187326,0.13817768,1.953453087,0.105665285
g__norank_f__norank_o__Vampirovibrionales,0.157143244,0.018965564,2.107886965,0.051477959
g__norank_f__norank_o__Subgroup_2,0.292611558,0,1.934487523,0.067734157
g__Paracoccus,0.016256198,0,0,0.008128099
g__norank_f__norank_o__Rhodospirillales,0.008128099,0,0.035221762,0.016256198
g__Massilia,0.067734157,0,0.09482782,0.208621204
g__Bdellovibrio,0.09482782,0,0.214039936,0.016256198
g__Nitrospira,0.086699721,0.013546831,0.298030291,0.024384297
g__norank_f__BSV26,0.037931128,0.02167493,0.32783332,0.178818174
g__Alistipes,0,0,0,0
g__norank_f__SM2D12,0.065024791,0.024384297,0.384730012,0.018965564
g__Lachnospiraceae_NK4A136_group,0,0,0,0
g__Staphylococcus,0.051477959,0,0.027093663,0
g__Hydrogenispora,0.070443523,0,0.178818174,0.051477959
g__unclassified_f__Rhodocyclaceae,0.035221762,0,0.214039936,0.013546831
g__Panacagrimonas,0,0,0,0
g__Colidextribacter,0,0,0,0
g__Flavihumibacter,0,0,0,0
g__unclassified_f__Gemmatimonadaceae,0,0,0.010837465,0
g__Aquabacterium,0.224877401,0,0.162561977,0.130049581
g__norank_f__norank_o__norank_c__Parcubacteria,0.029803029,0.018965564,0.100246552,0.124630849
g__UCG-005,0,0,0,0
g__unclassified_c__Alphaproteobacteria,0.176108808,0.037931128,0.471429733,0.056896692
g__norank_f__norank_o__Ardenticatenales,0.279064727,0.013546831,0.533745157,0.130049581
g__Cutibacterium,0,0,0,0
g__norank_f__Oscillospiraceae,0,0,0,0
g__Helicobacter,0,0,0,0
g__Paenibacillus,0,0,0,0
g__Klebsiella,0.056896692,0,0.02167493,0
g__Bradyrhizobium,0.037931128,0,0.005418733,0.013546831
g__RBG-16-58-14,0.135468314,0.008128099,1.032268552,0.121921483
g__norank_f__Neisseriaceae,0,0,0,0
g__norank_f__norank_o__norank_c__TK10,0.230296134,0.010837465,0.636701076,0.132758948
g__Caulobacter,0.105665285,0,0.02167493,0.016256198
g__norank_f__AKYH767,0.15985261,0.018965564,0.845322279,0.086699721
g__NK4A214_group,0,0,0,0
g__norank_f__norank_o__Clostridia_UCG-014,0,0,0,0
g__norank_f__Bacteroidetes_vadinHA17,0,0.002709366,0.029803029,0
g__unclassified_o__Rickettsiales,0.11650275,0,0.471429733,0.054187326
g__norank_f__norank_o__Candidatus_Moranbacteria,0,0,0.005418733,0.005418733
g__Methylobacterium-Methylorubrum,0.214039936,0,0.02167493,0.008128099
g__norank_f__norank_o__Clostridia_vadinBB60_group,0,0,0,0
g__norank_f__Caldilineaceae,0.27635536,0.027093663,0.60418868,0.07315289
g__norank_f__norank_o__Candidatus_Yanofskybacteria,0.02167493,0.013546831,0.037931128,0.051477959
g__norank_f__norank_o__SJA-15,0.113793384,0.010837465,0.452464169,0.086699721
g__norank_f__norank_o__norank_c__norank_p__Zixibacteria,0.121921483,0.016256198,0.726110163,0.140887047
g__norank_f__cvE6,0,0,0.002709366,0.002709366
g__Comamonas,0.105665285,0,0.04334986,0
g__norank_f__norank_o__Candidatus_Roizmanbacteria,0.008128099,0,0.018965564,0.018965564
g__norank_f__norank_o__0319-6G20,0.032512395,0,0.121921483,0.037931128
g__Flavisolibacter,0.005418733,0.008128099,0.035221762,0
g__Parasutterella,0,0,0,0
g__norank_f__norank_o__norank_c__norank_p__Armatimonadota,0.102955919,0.02167493,0.447045436,0.04334986
g__Niveispirillum,0.008128099,0,0.062315424,0.008128099
g__Anaeromyxobacter,0.016256198,0.005418733,0.016256198,0.002709366
g__norank_f__norank_o__norank_c__4-29-1,0.027093663,0.02167493,0.092118453,0.029803029
g__Romboutsia,0,0,0,0
g__Hyphomicrobium,0,0,0,0
g__Edaphobaculum,0.002709366,0.008128099,0.081280988,0.010837465
g__unclassified_c__Actinobacteria,0,0,0,0
g__Allobaculum,0,0,0,0
g__Prevotellaceae_NK3B31_group,0,0,0,0
g__Oscillibacter,0,0,0,0
g__Paucimonas,0,0,0,0
g__Lactobacillus,0.010837465,0,0,0.002709366
g__norank_f__norank_o__norank_c__Sumerlaeia,0.067734157,0,0.620444878,0.037931128
g__norank_f__Vermiphilaceae,0,0,0,0
g__norank_f__norank_o__Candidatus_Zambryskibacteria,0.027093663,0,0.010837465,0.067734157
g__norank_f__norank_o__RF39,0,0,0,0.008128099
g__norank_f__Gemmataceae,0.075862256,0.005418733,0.287192826,0.065024791
g__TM7a,0,0,0.002709366,0
g__norank_f__norank_o__Candidatus_Azambacteria,0.005418733,0,0.062315424,0.083990355
g__Gemmatimonas,0.008128099,0.002709366,0.119212116,0.005418733
g__Butyricicoccus,0,0,0,0
g__norank_f__norank_o__norank_c__bacteriap25,0,0,0,0
g__Parabacteroides,0,0,0,0
g__Corynebacterium,0,0,0,0
g__Paenisporosarcina,0,0,0,0
g__norank_f__Ardenticatenaceae,0.07315289,0.008128099,0.587932483,0.078571622
g__norank_f__norank_o__KF-JG30-C25,0,0,0,0
g__TM7,0,0.002709366,0.013546831,0.024384297
g__Micrococcus,0,0,0,0
g__Prevotellaceae_UCG-001,0,0,0,0
g__Parasegetibacter,0,0,0,0
g__Bryobacter,0,0,0.081280988,0.008128099
g__Allorhizobium-Neorhizobium-Pararhizobium-Rhizobium,0.035221762,0,0.002709366,0
g__Anaerosolibacter,0,0,0,0
g__norank_f__unclassified,0.008128099,0,0.018965564,0
g__Eubacterium_siraeum_group,0,0,0,0
g__norank_f__norank_o__Lineage_IV,0.010837465,0,0.178818174,0.013546831
g__Nocardioides,0.018965564,0,0.005418733,0
g__norank_f__norank_o__norank_c__Alphaproteobacteria,0.040640494,0,0.178818174,0.027093663
g__unclassified_f__Nocardioidaceae,0,0,0,0
g__Pelomonas,0.550001355,0,0,0
g__norank_f__norank_o__norank_c__JG30-KF-CM66,0.108374651,0.010837465,0.48768593,0.018965564
g__Alloprevotella,0,0,0,0
g__Christensenellaceae_R-7_group,0.002709366,0,0.037931128,0.005418733
g__SM1A02,0.040640494,0,0.067734157,0
g__norank_f__Hydrogenedensaceae,0.113793384,0,0.384730012,0.048768593
g__Anoxybacillus,0.13817768,0.010837465,0.2330055,0.040640494
g__norank_f__Diplorickettsiaceae,0,0,0.005418733,0
g__norank_f__norank_o__mle1-27,0.070443523,0,0.105665285,0.051477959
g__Microvirga,0,0.005418733,0.002709366,0
g__norank_f__norank_o__norank_c__Sericytochromatia,0.002709366,0,0.005418733,0.046059227
g__Aliihoeflea,0,0,0,0
g__Vulgatibacter,0,0,0,0
g__Sphingobium,0.051477959,0,0.029803029,0
g__norank_f__norank_o__Candidatus_Collierbacteria,0.005418733,0,0.005418733,0
g__norank_f__norank_o__Candidatus_Woykebacteria,0.008128099,0,0.008128099,0.035221762
g__Rhodobacter,0,0.013546831,0.119212116,0
g__Pedobacter,0,0,0.008128099,0
g__norank_f__norank_o__norank_c__OLB14,0.048768593,0.005418733,0.382020645,0.008128099
g__unclassified_p__Planctomycetota,0.02167493,0,0.346798884,0.010837465
g__Geobacter,0.100246552,0.002709366,0.222168035,0.024384297
g__Sumerlaea,0.056896692,0.005418733,0.330542686,0.002709366
g__Devosia,0.024384297,0.010837465,0.075862256,0.018965564
g__Azospirillum,0,0,0.005418733,0
g__Aquicella,0,0,0,0
g__unclassified_f__Sphingomonadaceae,0.032512395,0.008128099,0.051477959,0.013546831
g__JGI_0001001-H03,0.008128099,0,0.330542686,0.027093663
g__Methyloceanibacter,0,0,0,0
g__unclassified_f__Microbacteriaceae,0,0,0,0
g__unclassified_f__Pseudomonadaceae,0,0,0.108374651,0
g__Noviherbaspirillum,0.016256198,0,0,0
g__Bosea,0.005418733,0,0,0
g__unclassified_f__Xanthobacteraceae,0,0,0.048768593,0.008128099
g__IS-44,0.005418733,0.010837465,0.056896692,0.013546831
g__Fictibacillus,0,0,0,0
g__norank_f__Solimonadaceae,0.029803029,0.002709366,0.018965564,0
g__norank_f__Mitochondria,0,0,0.010837465,0
g__unclassified_f__Chitinophagaceae,0,0,0.013546831,0
g__unclassified_f__Paracaedibacteraceae,0,0,0,0
g__Permianibacter,0,0,0.013546831,0
g__norank_f__norank_o__Kapabacteriales,0.040640494,0,0.154433878,0
g__Micromonospora,0.008128099,0,0,0.008128099
g__norank_f__TRA3-20,0.032512395,0,0.173399442,0.002709366
g__oc32,0.054187326,0,0.18965564,0.018965564
g__unclassified_f__Ruminococcaceae,0,0,0,0.005418733
g__Pseudonocardia,0,0,0,0
g__norank_f__norank_o__norank_c__KD4-96,0,0,0.016256198,0
g__norank_f__norank_o__Rokubacteriales,0.07315289,0.010837465,0.195074372,0.029803029
g__norank_f__Barnesiellaceae,0,0,0,0
g__norank_f__norank_o__Candidatus_Adlerbacteria,0.016256198,0,0.04334986,0.018965564
g__unclassified_c__Clostridia,0.027093663,0,0.059606058,0.005418733
g__norank_f__norank_o__norank_c__OM190,0.105665285,0,0.205911837,0.02167493
g__Spirochaeta,0.002709366,0,0.010837465,0.005418733
g__Oligella,0,0,0,0
g__norank_f__norank_o__norank_c__Lineage_IIb,0,0,0.032512395,0.013546831
g__Sporacetigenium,0,0,0,0
g__norank_f__norank_o__Candidatus_Pacebacteria,0.010837465,0,0,0.016256198
g__norank_f__norank_o__Candidatus_Shapirobacteria,0,0,0,0.005418733
g__Butyricimonas,0,0,0,0
g__Phenylobacterium,0.02167493,0,0.04334986,0
g__unclassified_o__Chlamydiales,0,0,0,0
g__norank_f__Rhodospirillaceae,0.070443523,0.013546831,0.081280988,0.013546831
g__norank_f__B1-7BS,0.062315424,0.005418733,0.203202471,0
g__Vampirovibrio,0.029803029,0,0.121921483,0.029803029
g__unclassified_c__Gammaproteobacteria,0,0.002709366,0.005418733,0
g__norank_f__37-13,0.029803029,0,0.092118453,0.010837465
g__Quinella,0,0,0,0
g__norank_f__SB-5,0,0,0.005418733,0.010837465
g__norank_f__norank_o__norank_c__Lineage_IIc,0.005418733,0,0.140887047,0.008128099
g__norank_f__Xanthobacteraceae,0.048768593,0,0.051477959,0
g__Enhydrobacter,0,0.005418733,0,0.100246552
g__norank_f__norank_o__Vicinamibacterales,0,0,0.013546831,0
g__Methylocaldum,0.054187326,0.008128099,0.151724512,0.013546831
g__norank_f__Rickettsiaceae,0.016256198,0.002709366,0.010837465,0.002709366
g__norank_f__norank_o__CCD24,0.059606058,0.008128099,0.151724512,0.02167493
g__Pygmaiobacter,0,0,0,0
g__Curvibacter,0.27635536,0,0.005418733,0
g__Lachnospiraceae_UCG-006,0,0,0,0
g__unclassified_f__Spirochaetaceae,0.035221762,0.005418733,0.02167493,0.024384297
g__norank_f__norank_o__norank_c__norank_p__Desulfobacterota,0.024384297,0.005418733,0.059606058,0.008128099
g__norank_f__norank_o__Candidatus_Liptonbacteria,0,0,0.005418733,0.002709366
g__norank_f__Paludibacteraceae,0,0,0.008128099,0
g__norank_f__Peptococcaceae,0,0,0,0
g__I-8,0.024384297,0,0.119212116,0.010837465
g__Hahella,0,0,0,0
g__Limnobacter,0,0,0,0
g__unclassified_o__Oscillospirales,0,0.008128099,0.167980709,0.008128099
g__Cytophaga,0,0.027093663,0,0
g__norank_f__norank_o__C0119,0.02167493,0,0.086699721,0.008128099
g__Schlegelella,0.062315424,0,0.04334986,0.013546831
g__Rhizobacter,0,0,0,0
g__Azoarcus,0,0,0,0
g__norank_f__Vicinamibacteraceae,0.013546831,0,0.013546831,0
g__Tuzzerella,0,0,0,0
g__norank_f__Pedosphaeraceae,0.013546831,0,0.105665285,0.018965564
g__norank_f__WD2101_soil_group,0.048768593,0.002709366,0.127340215,0.02167493
g__norank_f__norank_o__1-20,0,0,0.016256198,0
g__Caenimonas,0,0,0.005418733,0
g__Clostridium_sensu_stricto_13,0,0,0,0
g__Pontibacter,0,0,0,0
g__Psychrobacter,0,0,0,0
g__Enterococcus,0.005418733,0,0,0
g__Candidatus_Jidaibacter,0.013546831,0,0.013546831,0
g__unclassified_c__Dehalococcoidia,0.027093663,0.010837465,0.097537186,0.02167493
g__norank_f__norank_o__Gaiellales,0,0,0.010837465,0
g__unclassified_f__Hungateiclostridiaceae,0,0,0,0.005418733
g__norank_f__norank_o__Acidobacteriales,0,0,0.027093663,0
g__Adhaeribacter,0,0,0,0
g__Chryseobacterium,0.005418733,0,0.005418733,0.005418733
g__Kocuria,0.010837465,0,0,0
g__Lawsonella,0,0,0,0
g__Candidatus_Koribacter,0,0,0.035221762,0
g__norank_f__Roseiflexaceae,0.013546831,0.008128099,0.081280988,0
g__Alkaliphilus,0,0,0,0
g__Blautia,0,0,0,0
g__Streptococcus,0,0.016256198,0,0.005418733
g__norank_f__norank_o__norank_c__S0134_terrestrial_group,0,0,0.02167493,0
g__norank_f__norank_o__Chthonomonadales,0.029803029,0,0.102955919,0.008128099
g__norank_f__67-14,0,0,0,0
g__Haliangium,0,0.008128099,0.010837465,0.005418733
g__norank_f__norank_o__MVP-88,0.010837465,0,0.013546831,0
g__Syntrophorhabdus,0,0,0,0
g__Pseudolabrys,0,0,0.016256198,0
g__Gaiella,0,0,0.02167493,0
g__Conexibacter,0,0,0,0
g__unclassified_f__Micromonosporaceae,0,0,0,0
g__Lutispora,0,0,0.002709366,0
g__Candidatus_Nitrotoga,0.016256198,0,0.059606058,0.037931128
g__Sporocytophaga,0.002709366,0,0,0
g__Sphingosinicella,0,0,0,0
g__norank_f__norank_o__FW22,0.013546831,0.002709366,0.151724512,0.018965564
g__norank_f__norank_o__norank_c__norank_p__TA06,0.002709366,0,0.100246552,0.005418733
g__norank_f__Chitinophagaceae,0,0,0,0.002709366
g__norank_f__JG30-KF-CM45,0.027093663,0,0.086699721,0.002709366
g__Peredibacter,0.018965564,0,0.02167493,0
g__norank_f__Rhizobiales_Incertae_Sedis,0.002709366,0.010837465,0,0
g__norank_f__A0839,0.008128099,0.002709366,0.140887047,0.010837465
g__norank_f__norank_o__661239,0.018965564,0.010837465,0.143596413,0.002709366
g__Dechloromonas,0,0,0.008128099,0
g__Exiguobacterium,0.005418733,0,0,0
g__Luteimonas,0,0,0,0.008128099
g__Lacunisphaera,0,0,0,0
g__A2,0,0,0,0
g__Anaerocolumna,0,0,0,0
g__norank_f__Methyloligellaceae,0.037931128,0.005418733,0.035221762,0.002709366
g__norank_f__norank_o__norank_c__norank_p__WS2,0.008128099,0,0.132758948,0.018965564
g__Reyranella,0,0,0,0
g__Gulbenkiania,0,0,0,0
g__Stenotrophomonas,0,0,0,0
g__norank_f__norank_o__GWB1-42-6,0.005418733,0,0,0
g__norank_f__Simkaniaceae,0,0,0,0.002709366
g__norank_f__Ruminococcaceae,0,0,0,0
g__Candidatus_Solibacter,0,0.008128099,0.035221762,0.008128099
g__unclassified_f__Rhodobacteraceae,0,0,0,0
g__Desulfatiglans,0.010837465,0,0.013546831,0
g__Fluviicola,0.035221762,0,0,0.010837465
g__Oscillospira,0,0,0,0
g__Endomicrobium,0.005418733,0,0,0.008128099
g__norank_f__norank_o__Candidatus_Nomurabacteria,0,0.010837465,0,0
g__Cupriavidus,0.018965564,0,0.032512395,0
g__Coxiella,0,0,0,0
g__norank_f__norank_o__norank_c__Acidimicrobiia,0.002709366,0,0.005418733,0
g__Candidatus_Paracaedibacter,0,0,0,0
g__Polynucleobacter,0,0,0,0
g__norank_f__Paracaedibacteraceae,0,0,0,0
g__Burkholderia-Caballeronia-Paraburkholderia,0,0,0.018965564,0
g__unclassified_f__Hyphomicrobiaceae,0,0,0.008128099,0
g__Phreatobacter,0,0,0,0
g__norank_f__norank_o__Candidatus_Wolfebacteria,0,0,0.005418733,0.013546831
g__norank_f__BIrii41,0,0,0,0
g__norank_f__norank_o__norank_c__SJA-28,0.016256198,0,0.065024791,0.013546831
g__Cellvibrio,0.002709366,0,0,0
g__unclassified_c__Microgenomatia,0,0,0,0
g__Ohtaekwangia,0,0,0.013546831,0.035221762
g__unclassified_f__Beijerinckiaceae,0.005418733,0,0.029803029,0
g__mle1-7,0.02167493,0,0.048768593,0.002709366
g__unclassified_f__Cellulomonadaceae,0,0,0,0
g__unclassified_f__Geobacteraceae,0,0,0.010837465,0
g__unclassified_p__Proteobacteria,0,0,0,0
g__Akkermansia,0,0,0,0
g__unclassified_p__Armatimonadota,0,0,0.046059227,0
g__Actinomyces,0,0,0,0
g__Brachybacterium,0,0,0,0
g__unclassified_f__Enterobacteriaceae,0.002709366,0,0,0
g__unclassified_f__Anaerolineaceae,0.002709366,0,0.04334986,0.016256198
g__Sulfuritalea,0,0,0.018965564,0
g__Veillonella,0,0,0,0
g__unclassified_o__Elsterales,0.010837465,0,0,0
g__Variovorax,0,0,0.008128099,0
g__Acidibacter,0.002709366,0,0,0
g__Defluviicoccus,0.005418733,0,0.016256198,0
g__unclassified_p__Bacteroidota,0,0,0,0
g__Amaricoccus,0,0,0,0
g__Dubosiella,0,0,0,0
g__Brevibacillus,0.016256198,0,0.032512395,0
g__Aeromicrobium,0.04334986,0.005418733,0.037931128,0.002709366
g__ADurb.Bin063-1,0.013546831,0,0.078571622,0.013546831
g__unclassified_f__Sphingobacteriaceae,0,0,0.008128099,0
g__Novosphingobium,0.048768593,0,0.032512395,0
g__Ellin6067,0,0,0.02167493,0
g__Azospira,0,0,0,0
g__norank_f__norank_o__Candidatus_Curtissbacteria,0,0,0.008128099,0.005418733
g__Deinococcus,0,0,0.024384297,0
g__Sedimentibacter,0,0,0,0
g__Faecalibaculum,0,0,0,0
g__Hydrogenoanaerobacterium,0,0,0,0
g__Smithella,0,0.002709366,0.005418733,0
g__unclassified_f__Caulobacteraceae,0,0,0,0
g__unclassified_f__Magnetospirillaceae,0.024384297,0,0.07315289,0
g__norank_f__NS11-12_marine_group,0.005418733,0,0.016256198,0
g__GOUTA6,0.008128099,0,0.067734157,0.010837465
g__Sh765B-TzT-35,0.010837465,0,0.04334986,0.016256198
g__Eubacterium_xylanophilum_group,0,0,0,0
g__norank_f__norank_o__norank_c__Subgroup_18,0.005418733,0,0.008128099,0
g__Fonticella,0,0,0,0
g__Anaerostipes,0,0,0,0
g__Roseococcus,0,0,0,0
g__norank_f__norank_o__HOC36,0,0,0.005418733,0
g__norank_f__Sporichthyaceae,0,0,0,0.005418733
g__Azohydromonas,0,0,0,0.010837465
g__norank_f__norank_o__norank_c__Anaerolineae,0.018965564,0,0.051477959,0
g__norank_f__Magnetospiraceae,0.016256198,0.010837465,0.046059227,0.016256198
g__Syntrophus,0.005418733,0,0.016256198,0
g__norank_f__norank_o__norank_c__SHA-26,0.002709366,0.005418733,0.035221762,0.018965564
g__Anaerococcus,0,0,0,0
g__norank_f__norank_o__norank_c__Gracilibacteria,0.010837465,0,0.002709366,0.002709366
g__Enterorhabdus,0,0,0,0
g__Pedomicrobium,0.010837465,0,0.018965564,0
g__Victivallis,0,0,0,0
g__Marmoricola,0,0,0,0
g__Sandaracinus,0,0,0,0
g__Iamia,0,0,0.002709366,0
g__Emticicia,0,0,0,0.008128099
g__Zavarzinia,0,0,0,0
g__norank_f__Oxalobacteraceae,0.010837465,0,0,0
g__Phycicoccus,0,0,0,0
g__Erysipelatoclostridium,0,0,0,0
g__Tropicimonas,0,0,0,0
g__norank_f__norank_o__norank_c__norank_p__RCP2-54,0,0,0,0
g__Altererythrobacter,0.005418733,0,0,0
g__norank_f__Holophagaceae,0,0,0,0
g__Terrimicrobium,0,0,0.002709366,0
g__norank_f__Geobacteraceae,0.005418733,0,0.013546831,0.008128099
g__norank_f__norank_o__Candidatus_Ryanbacteria,0,0.008128099,0,0.018965564
g__Mycobacterium,0,0,0,0.005418733
g__norank_f__norank_o__norank_c__norank_p__MBNT15,0,0.008128099,0,0
g__norank_f__Acetobacteraceae,0,0,0.002709366,0
g__unclassified_f__Myxococcaceae,0.010837465,0,0,0
g__Acetatifactor,0,0,0,0
g__norank_f__norank_o__norank_c__Clostridia,0,0,0,0
g__Steroidobacter,0,0,0,0
g__Dongia,0.005418733,0,0.02167493,0
g__norank_f__Micavibrionaceae,0,0,0,0
g__unclassified_f__Kineosporiaceae,0,0,0.008128099,0
g__norank_f__norank_o__norank_c__Thermodesulfovibrionia,0.018965564,0.005418733,0.048768593,0
g__norank_f__norank_o__norank_c__DG-56,0,0,0.027093663,0
g__Legionella,0,0,0.008128099,0.005418733
g__unclassified_f__Thermotaleaceae,0,0,0,0
g__Asticcacaulis,0,0,0,0
g__norank_f__AKYG1722,0.02167493,0,0.051477959,0
g__Rhodoplanes,0.016256198,0,0.032512395,0
g__Rikenellaceae_RC9_gut_group,0,0,0,0
g__Pseudarcicella,0,0,0,0
g__Treponema,0,0,0.018965564,0.065024791
g__Denitratisoma,0.013546831,0,0.040640494,0
g__norank_f__norank_o__Elsterales,0.010837465,0,0.008128099,0.010837465
g__norank_f__Halobacteroidaceae,0,0,0,0
g__OM27_clade,0,0,0.002709366,0
g__Roseomonas,0,0,0.002709366,0
g__norank_f__Lachnospiraceae,0,0,0,0
g__norank_f__norank_o__Oligoflexales,0,0,0,0.002709366
g__Desulfobacca,0,0,0.029803029,0.005418733
g__Clostridium_sensu_stricto_1,0,0.008128099,0.02167493,0
g__Candidatus_Omnitrophus,0.016256198,0,0.056896692,0
g__Gordonia,0,0,0,0
g__Turneriella,0,0,0,0
g__Cloacibacterium,0,0,0,0
g__norank_f__Limnochordaceae,0,0,0.005418733,0
g__norank_f__UBA12409,0,0,0,0
g__Syntrophobacter,0.016256198,0,0.002709366,0
g__norank_f__norank_o__norank_c__Chitinivibrionia,0,0,0.046059227,0.002709366
g__unclassified_o__Acidobacteriales,0,0,0.027093663,0.005418733
g__norank_f__norank_o__11-24,0,0,0.018965564,0
g__norank_f__norank_o__norank_c__P9X2b3D02,0.016256198,0,0.027093663,0.010837465
g__Luteitalea,0,0,0,0
g__norank_f__Chroococcidiopsaceae,0,0,0.07315289,0
g__Amphiplicatus,0,0,0,0
g__Hymenobacter,0,0,0,0
g__norank_f__Silvanigrellaceae,0,0,0,0
g__norank_f__norank_o__SAR202_clade,0,0,0.032512395,0
g__unclassified_o__Babeliales,0,0,0,0
g__Limnohabitans,0,0,0,0
g__unclassified_o__SBR1031,0,0,0.070443523,0
g__Silvanigrella,0,0,0,0
g__Chryseomicrobium,0,0,0,0
g__Deferrisoma,0,0,0,0
g__norank_f__norank_o__OPB41,0,0,0,0
g__Mucispirillum,0,0,0,0
g__Oligoflexus,0,0,0,0
g__Mycoplasma,0,0,0,0
g__Clostridium_sensu_stricto_8,0,0,0,0
g__Aeromonas,0,0,0,0
g__norank_f__norank_o__Chitinophagales,0,0,0.010837465,0.002709366
g__Blastococcus,0.02167493,0,0,0
g__norank_f__norank_o__Izemoplasmatales,0,0,0,0
g__norank_f__Sutterellaceae,0,0,0,0
g__norank_f__norank_o__norank_c__norank_p__WS4,0,0,0.040640494,0
g__CL500-29_marine_group,0,0,0,0
g__norank_f__Saprospiraceae,0,0,0,0
g__unclassified_f__Anaerovoracaceae,0,0,0,0
g__Longimicrobium,0.018965564,0,0.008128099,0.002709366
g__norank_f__norank_o__Candidatus_Colwellbacteria,0,0,0,0.02167493
g__Blvii28_wastewater-sludge_group,0.010837465,0.002709366,0.018965564,0.013546831
g__Papillibacter,0,0,0,0
g__norank_f__Azospirillaceae,0,0,0,0
g__Terrimonas,0,0,0.002709366,0
g__norank_f__norank_o__norank_c__norank_p__SAR324_cladeMarine_group_B,0.005418733,0,0.002709366,0
g__norank_f__norank_o__Rhizobiales,0,0,0.010837465,0
g__Sulfurifustis,0.010837465,0,0.032512395,0.010837465
g__Leucobacter,0,0,0,0
g__ASF356,0,0,0,0
g__Aquisphaera,0,0,0,0
g__Rubritepida,0,0,0,0
g__norank_f__Caulobacteraceae,0.024384297,0,0,0
g__Negativibacillus,0,0,0,0
g__Bauldia,0,0,0,0
g__unclassified_f__Acetobacteraceae,0,0,0.016256198,0
g__norank_f__norank_o__Candidatus_Falkowbacteria,0,0,0,0.008128099
g__norank_f__norank_o__Subgroup_7,0,0,0.008128099,0
g__norank_f__Spirochaetaceae,0.010837465,0,0.032512395,0.010837465
g__unclassified_f__Isosphaeraceae,0,0,0,0
g__Microbacterium,0,0,0,0
g__Solitalea,0,0,0,0
g__Candidatus_Udaeobacter,0,0,0,0
g__Rothia,0,0,0,0
g__norank_f__Holosporaceae,0,0,0.005418733,0
g__Delftia,0.018965564,0,0,0
g__Brevibacterium,0.002709366,0,0,0
g__Sphingobacterium,0,0,0,0
g__Phaeodactylibacter,0,0,0.013546831,0.010837465
g__Nordella,0,0,0.013546831,0
g__Rhodococcus,0.016256198,0,0,0
g__RBG-16-49-21,0,0.002709366,0.010837465,0.010837465
g__Flaviaesturariibacter,0,0,0,0
g__Candidatus_Latescibacter,0,0,0.037931128,0
g__Intestinimonas,0,0,0,0
g__Roseisolibacter,0,0,0,0
g__Geminicoccus,0,0,0,0
g__Desulfovirga,0,0.002709366,0,0
g__Dietzia,0,0,0.005418733,0
g__Nitrosospira,0,0,0.016256198,0
g__norank_f__norank_o__norank_c__Lineage_IIa,0,0,0,0
g__norank_f__Phycisphaeraceae,0.008128099,0,0.002709366,0
g__unclassified_f__Chloroflexaceae,0,0,0,0
g__unclassified_f__Bacillaceae,0,0,0,0
g__Desulfitobacterium,0,0,0,0
g__unclassified_f__Rickettsiaceae,0,0,0,0
g__norank_f__env.OPS_17,0,0,0.005418733,0.008128099
g__Xanthobacter,0.008128099,0,0,0
g__Asinibacterium,0,0,0,0
g__Runella,0,0,0,0
g__Arcticibacter,0,0,0,0
g__Tumebacillus,0,0,0,0
g__Haloplasma,0,0,0,0
g__norank_f__Izemoplasmataceae,0,0,0,0
g__unclassified_f__norank_o__Ferrovibrionales,0,0,0,0
g__unclassified_o__Rhizobiales,0,0,0,0
g__BRH-c57,0,0,0,0
g__norank_f__Obscuribacteraceae,0,0,0,0
g__norank_f__norank_o__MD2894-B20,0,0,0,0
g__unclassified_f__Clostridiaceae,0,0,0,0
g__Defluviitoga,0,0,0,0
g__unclassified_o__Bacteroidales,0,0,0,0
g__Leptolinea,0.002709366,0,0.040640494,0.005418733
g__Candidatus_Cryptoprodotis,0,0,0,0
g__norank_f__Comamonadaceae,0.016256198,0,0.032512395,0
g__norank_f__SC-I-84,0,0,0,0
g__norank_f__norank_o__PLTA13,0,0,0,0
g__Skermanella,0.005418733,0,0,0
g__norank_f__norank_o__Candidatus_Amesbacteria,0,0,0.013546831,0
g__Alkanindiges,0.010837465,0,0.005418733,0.005418733
g__Ruminiclostridium,0,0,0,0
g__norank_f__norank_o__Microtrichales,0.018965564,0,0,0
g__Cyanobium_PCC-6307,0,0,0.010837465,0
g__Peptococcus,0,0,0,0
g__Rheinheimera,0,0,0,0
g__norank_f__norank_o__norank_c__Gitt-GS-136,0,0,0,0
g__Fenollaria,0,0,0,0
g__norank_f__norank_o__Candidatus_Campbellbacteria,0,0,0,0
g__Shinella,0,0,0,0
g__Diaphorobacter,0,0,0,0
g__norank_f__AKAU3564_sediment_group,0,0,0.037931128,0
g__norank_f__Sneathiellaceae,0.016256198,0,0.005418733,0
g__norank_f__norank_o__Subgroup_15,0.008128099,0,0.035221762,0
g__norank_f__MSB-3C8,0.008128099,0,0.035221762,0
g__Proteiniborus,0,0,0,0
g__norank_f__norank_o__Aminicenantales,0,0,0.027093663,0
g__unclassified_f__Microscillaceae,0.005418733,0.005418733,0,0
g__UBA1819,0,0,0,0
g__Methylobacter,0,0,0,0.032512395
g__unclassified_c__Bacteroidia,0.008128099,0,0,0.010837465
g__Agromyces,0,0,0,0
g__Vibrionimonas,0,0,0,0.040640494
g__Clostridium_innocuum_group,0,0,0,0
g__Herbinix,0,0,0,0
g__Sphingoaurantiacus,0,0,0,0
g__norank_f__norank_o__norank_c__norank_p__Sva0485,0.005418733,0,0.02167493,0
g__Methylobacillus,0,0,0,0
g__Luteolibacter,0,0,0.005418733,0
g__unclassified_o__Enterobacterales,0.008128099,0,0,0
g__BSV13,0,0,0.005418733,0
g__norank_f__Myxococcaceae,0,0,0.008128099,0
g__Lachnospiraceae_UCG-001,0,0,0,0
g__Adlercreutzia,0,0,0,0
g__Desulfovibrio,0,0,0,0
g__Aneurinibacillus,0,0,0,0
g__Pseudorhodobacter,0,0,0,0
g__norank_f__Leptospiraceae,0.018965564,0,0.018965564,0
g__RB41,0,0,0,0
g__norank_f__norank_o__norank_c__Planctomycetes,0,0,0.032512395,0
g__unclassified_o__Burkholderiales,0.016256198,0,0.013546831,0
g__norank_f__norank_o__Candidatus_Chisholmbacteria,0,0,0,0
g__norank_f__norank_o__norank_c__Pla4_lineage,0,0,0.016256198,0.010837465
g__norank_f__norank_o__norank_c__norank_p__DTB120,0,0,0.008128099,0.008128099
g__Lachnospiraceae_UCG-010,0,0,0,0
g__Candidatus_Saccharimonas,0,0,0,0
g__Pseudoxanthobacter,0,0,0,0
g__norank_f__Acidobacteriaceae_Subgroup_1,0,0,0,0
g__norank_f__norank_o__IMCC26256,0,0,0,0
g__Solibacillus,0,0,0,0
g__Hyphomonas,0,0,0,0
g__norank_f__Gallionellaceae,0,0,0,0
g__Neisseria,0,0,0,0
g__Pelagibacterium,0,0,0,0
g__unclassified_c__Acidobacteriae,0,0,0,0
g__Chthonobacter,0,0,0,0
g__norank_f__norank_o__Candidatus_Vogelbacteria,0,0,0.013546831,0
g__norank_f__norank_o__VHS-B3-70,0.005418733,0,0.005418733,0
g__norank_f__norank_o__norank_c__MB-A2-108,0,0,0,0
g__Achromobacter,0.005418733,0,0,0
g__Acetobacterium,0,0,0,0
g__norank_f__Hungateiclostridiaceae,0,0,0,0
g__norank_f__Fodinicurvataceae,0,0,0,0
g__DSSD61,0,0,0,0
g__unclassified_f__Methylococcaceae,0.005418733,0,0.016256198,0
g__Moraxella,0,0,0,0
g__norank_f__norank_o__Omnitrophales,0,0,0.016256198,0
g__Geothermobacter,0.008128099,0,0.013546831,0
g__Stenotrophobacter,0,0,0.024384297,0
g__Lechevalieria,0,0,0.005418733,0
g__Facklamia,0,0,0,0
g__norank_f__norank_o__Candidatus_Beckwithbacteria,0,0,0,0
g__GWE2-31-10,0,0,0,0
g__norank_f__norank_o__norank_c__Kazania,0,0,0,0
g__norank_f__norank_o__Candidatus_Daviesbacteria,0,0,0,0
g__Bifidobacterium,0,0,0,0
g__Geodermatophilus,0,0,0.016256198,0
g__Kineosporia,0,0,0,0
g__norank_f__norank_o__PB19,0,0,0,0
g__Subdoligranulum,0,0,0,0
g__norank_f__A21b,0,0,0,0
g__Thiopseudomonas,0,0,0,0
g__Leptonema,0,0.002709366,0,0
g__GCA-900066575,0,0,0,0
g__Sporobacter,0,0,0.005418733,0
g__unclassified_o__Syntrophales,0,0,0,0
g__Clostridium_sensu_stricto_10,0.008128099,0,0,0
g__unclassified_p__Firmicutes,0.008128099,0.008128099,0.005418733,0.005418733
g__Ellin517,0,0,0.013546831,0.005418733
g__unclassified_f__Acidobacteriaceae_Subgroup_1,0,0,0.027093663,0
g__OLB17,0,0,0.027093663,0
g__norank_f__norank_o__norank_c__norank_p__CK-2C2-2,0.013546831,0,0.013546831,0
g__Herpetosiphon,0,0,0.027093663,0
g__norank_f__Erysipelotrichaceae,0,0,0,0
g__YC-ZSS-LKJ147,0,0,0,0
g__Candidatus_Captivus,0,0,0,0
g__norank_f__norank_o__norank_c__Subgroup_21,0,0,0.005418733,0
g__Harryflintia,0,0,0,0
g__Jatrophihabitans,0,0,0,0
g__Lentimicrobium,0,0,0,0
g__norank_f__B122,0,0,0,0
g__unclassified_f__Planococcaceae,0.024384297,0,0,0
g__Roseburia,0,0,0,0
g__Paludicola,0,0,0,0
g__Fusobacterium,0,0,0,0
g__norank_f__Longimicrobiaceae,0,0,0,0
g__norank_f__Nannocystaceae,0,0,0,0
g__Fimbriiglobus,0,0,0.024384297,0
g__norank_f__norank_o__Blfdi19,0,0,0,0
g__Citrifermentans,0.008128099,0,0.008128099,0
g__Mycoplasma_group,0,0,0,0
g__unclassified_f__Simkaniaceae,0,0,0,0
g__unclassified_f__Prevotellaceae,0,0,0,0
g__Atopostipes,0.005418733,0,0.002709366,0
g__norank_f__norank_o__Elev-16S-1166,0,0,0,0
g__Petrimonas,0,0,0,0
g__norank_f__norank_o__ADurb.Bin180,0,0,0.02167493,0
g__norank_f__norank_o__Desulfobulbales,0,0,0,0
g__Psychrobacillus,0,0,0,0
g__Faecalibacterium,0,0,0,0
g__norank_f__norank_o__norank_c__norank_p__NB1-j,0,0,0,0
g__norank_f__Beijerinckiaceae,0,0,0,0
g__Aureimonas,0,0,0,0
g__Alterococcus,0,0,0.005418733,0
g__Nakamurella,0,0,0,0.008128099
g__Anaerovorax,0,0,0,0
g__norank_f__BSV40,0.010837465,0,0.010837465,0
g__norank_f__norank_o__Candidatus_Magasanikbacteria,0,0,0,0
g__norank_f__norank_o__NRL2,0,0,0,0
g__Blastocatella,0,0,0,0
g__norank_f__norank_o__Frankiales,0,0,0,0
g__Ornithinimicrobium,0,0,0,0
g__Agrococcus,0,0,0,0
g__Parviterribacter,0,0,0,0
g__unclassified_f__Solirubrobacteraceae,0,0,0,0
g__norank_f__KD3-93,0.018965564,0,0,0
g__Arcobacter,0,0,0,0
g__Clostridium_sensu_stricto_7,0,0,0,0
g__Nannocystis,0,0,0,0
g__unclassified_o__Azospirillales,0,0,0,0
g__norank_f__Micropepsaceae,0,0,0.018965564,0
g__Sterolibacterium,0,0,0,0
g__unclassified_f__Opitutaceae,0,0,0.018965564,0
g__Modestobacter,0,0,0,0
g__norank_f__Sporomusaceae,0,0,0,0.005418733
g__norank_f__Ilumatobacteraceae,0,0,0,0
g__Quadrisphaera,0.008128099,0,0,0
g__norank_f__EF100-94H03,0,0,0,0
g__Magnetospirillum,0,0,0,0.008128099
g__Herbaspirillum,0,0.008128099,0.010837465,0
g__norank_f__norank_o__norank_c__BRH-c20a,0,0,0.002709366,0
g__unclassified_o__Ignavibacteriales,0.008128099,0,0,0
g__norank_f__Bacteriovoracaceae,0.005418733,0,0.005418733,0
g__Paenarthrobacter,0,0,0,0
g__unclassified_f__Thermomonosporaceae,0,0,0,0
g__unclassified_o__Gaiellales,0,0,0,0
g__Niabella,0,0,0,0
g__Haliscomenobacter,0,0,0,0
g__norank_f__norank_o__Ignavibacteriales,0,0,0,0
g__unclassified_f__Silvanigrellaceae,0,0,0,0
g__Ktedonobacter,0,0,0,0
g__unclassified_p__Desulfobacterota,0,0,0.016256198,0
g__Solobacterium,0,0,0,0
g__Hungatella,0,0,0,0
g__Anaerofilum,0,0,0,0
g__unclassified_f__Longimicrobiaceae,0,0,0,0
g__norank_f__norank_o__norank_c__norank_p__Margulisbacteria,0,0,0,0.016256198
g__Prosthecomicrobium,0,0,0,0
g__Wolbachia,0,0,0,0
g__Brachymonas,0,0,0,0
g__unclassified_f__Christensenellaceae,0,0,0.013546831,0
g__norank_f__norank_o__norank_c__Subgroup_5,0,0,0,0
g__norank_f__Reyranellaceae,0,0,0.005418733,0
g__Rhodomicrobium,0,0,0.010837465,0
g__Sphingorhabdus,0,0,0,0
g__Tepidimonas,0,0,0,0
g__unclassified_f__Parachlamydiaceae,0,0,0,0
g__Roseimicrobium,0.005418733,0,0.010837465,0
g__unclassified_f__Syntrophobacteraceae,0,0,0.005418733,0
g__norank_f__norank_o__Candidatus_Kerfeldbacteria,0,0,0.005418733,0
g__Candidatus_Ovatusbacter,0,0,0.008128099,0
g__norank_f__norank_o__Subgroup_12,0.002709366,0,0.005418733,0.005418733
g__norank_f__norank_o__norank_c__vadinHA49,0,0,0.002709366,0
g__Terriglobus,0,0,0,0
g__Spirosoma,0,0,0,0
g__norank_f__NS9_marine_group,0,0,0,0
g__norank_f__norank_o__MSBL5,0,0,0,0
g__Lysinibacillus,0,0,0,0
g__Monoglobus,0,0,0,0
g__norank_f__Butyricicoccaceae,0,0,0,0
g__Family_XIII_UCG-001,0,0,0,0
g__unclassified_f__Peptostreptococcaceae,0,0,0,0
g__norank_f__SRB2,0,0,0,0
g__norank_f__norank_o__norank_c__norank_p__Latescibacterota,0,0,0,0
g__Phycisphaera,0,0,0,0
g__norank_f__Isosphaeraceae,0,0,0,0
g__norank_f__norank_o__Azospirillales,0,0,0,0
g__Ensifer,0,0,0,0.013546831
g__Enterobacter,0,0,0,0
g__norank_f__norank_o__Ga0077536,0,0,0,0
g__Longispora,0,0,0.010837465,0
g__unclassified_o__Armatimonadales,0,0,0.002709366,0
g__norank_f__Chlamydiaceae,0,0,0,0
g__Lewinella,0,0,0,0
g__norank_f__B5-096,0.008128099,0,0.002709366,0
g__Immundisolibacter,0,0,0,0
g__Ga0074140,0,0,0.005418733,0.005418733
g__norank_f__Methylacidiphilaceae,0.005418733,0,0.005418733,0
g__P3OB-42,0.005418733,0,0,0
g__norank_f__norank_o__Candidatus_Kuenenbacteria,0,0,0,0
g__unclassified_f__Vicinamibacteraceae,0,0,0.010837465,0
g__norank_f__norank_o__Actinomarinales,0,0,0,0
g__unclassified_o__Microtrichales,0,0,0.010837465,0
g__hgcI_clade,0,0,0,0
g__Ornithinicoccus,0,0,0,0
g__Catellatospora,0,0,0,0
g__Propionicicella,0,0,0,0
g__Cnuella,0,0,0,0
g__Segetibacter,0,0,0,0
g__Rhodocytophaga,0.010837465,0,0,0
g__norank_f__Babeliaceae,0,0,0,0
g__norank_f__norank_o__Syntrophales,0,0,0,0
g__Lactococcus,0,0,0,0
g__Caldicoprobacter,0,0,0,0
g__UCG-009,0,0,0,0
g__HN-HF0106,0,0,0,0
g__norank_f__norank_o__norank_c__BD2-11_terrestrial_group,0,0,0,0
g__norank_f__norank_o__Candidatus_Peribacteria,0,0,0,0
g__unclassified_f__Azospirillaceae,0,0,0,0
g__Roseiarcus,0,0,0,0.010837465
g__Paenalcaligenes,0,0,0,0
g__unclassified_f__Alcaligenaceae,0,0,0,0
g__unclassified_f__Burkholderiaceae,0,0.010837465,0,0
g__Inhella,0,0,0,0
g__Sideroxydans,0,0,0,0
g__Thauera,0,0,0,0
g__Sulfuricella,0,0,0.010837465,0
g__Methylomicrobium,0,0,0.010837465,0
g__Halomonas,0,0,0,0
g__Vulcaniibacterium,0,0,0,0
g__unclassified_f__Pedosphaeraceae,0,0,0,0
g__norank_f__norank_o__GOUTB8,0,0,0,0
g__Oryzihumus,0,0,0.008128099,0
g__Microlunatus,0,0,0,0
g__Streptosporangium,0,0,0.008128099,0
g__Solirubrobacter,0,0,0,0
g__unclassified_f__Saprospiraceae,0,0,0,0
g__unclassified_o__Sphingobacteriales,0,0,0,0
g__Sphaerobacter,0,0,0.008128099,0
g__Dehalogenimonas,0,0,0,0.008128099
g__norank_f__norank_o__Dehalococcoidales,0,0,0,0
g__norank_f__norank_o__B12-WMSP1,0,0,0,0
g__Truepera,0,0,0,0
g__Thermus,0,0,0,0
g__norank_f__norank_o__Babeliales,0,0,0.008128099,0
g__unclassified_o__Geobacterales,0,0,0.008128099,0
g__norank_f__norank_o__MA-28-I98C,0,0,0,0
g__norank_f__Desulfuromonadaceae,0,0,0,0
g__Clostridium_sensu_stricto_9,0,0,0,0
g__Oxobacter,0,0,0.008128099,0
g__Defluviitaleaceae_UCG-011,0,0,0,0
g__Eubacterium_nodatum_group,0,0,0,0
g__norank_f__norank_o__norank_c__norank_p__LCP-89,0,0,0.008128099,0
g__unclassified_f__Saccharimonadaceae,0.008128099,0,0,0
g__norank_f__Hyphomicrobiaceae,0,0,0,0
g__Candidatus_Megaira,0,0,0,0
g__norank_f__bac2nit3,0.008128099,0,0,0
g__norank_f__MWH-UniP1_aquatic_group,0,0,0,0
g__unclassified_f__Methylophilaceae,0,0,0.008128099,0
g__Z-35,0,0,0.008128099,0
g__AAP99,0.008128099,0,0,0
g__Candidatus_Berkiella,0,0,0,0
g__Actinobacillus,0,0,0,0
g__Candidatus_Endoecteinascidia,0,0,0,0
g__Silanimonas,0,0,0,0
g__Brevinema,0,0,0,0
g__Verruc-01,0.008128099,0,0,0
g__unclassified_p__Actinobacteriota,0,0,0,0
g__norank_f__norank_o__norank_c__NLS2-31,0,0,0.005418733,0
g__Geothrix,0.005418733,0,0,0
g__Subgroup_10,0,0,0,0
g__Nocardia,0,0,0,0
g__norank_f__F082,0,0,0,0
g__WCHB1-32,0,0,0.005418733,0
g__Fibrisoma,0,0,0,0
g__norank_f__norank_o__C10-SB1A,0,0,0,0
g__OLB13,0,0,0.005418733,0
g__Nitrolancea,0,0,0.005418733,0
g__norank_f__norank_o__Sh765B-TzT-20,0,0,0,0
g__JG30a-KF-32,0,0,0,0
g__Tychonema_CCAP_1459-11B,0.005418733,0,0,0
g__unclassified_o__norank_c__Desulfuromonadia,0,0,0,0
g__norank_f__norank_o__Syntrophobacterales,0,0,0.005418733,0
g__norank_f__Entotheonellaceae,0.005418733,0,0,0
g__norank_f__type_III,0,0,0,0
g__UCG-004,0,0,0,0
g__Jeotgalicoccus,0,0,0,0.005418733
g__unclassified_c__Bacilli,0,0,0,0
g__Lachnospiraceae_NK4B4_group,0,0,0,0
g__unclassified_c__ABY1,0,0,0,0
g__norank_f__norank_o__Absconditabacteriales_SR1,0,0,0,0
g__norank_f__norank_o__norank_c__Microgenomatia,0,0,0,0
g__norank_f__norank_o__Candidatus_Doudnabacteria,0,0,0,0
g__norank_f__Tepidisphaeraceae,0,0,0.005418733,0
g__Zavarzinella,0.005418733,0,0,0
g__norank_f__norank_o__Planctomycetales,0,0,0,0
g__Rhizomicrobium,0,0,0,0
g__norank_f__Amb-16S-1323,0.005418733,0,0,0
g__norank_f__norank_o__Thalassobaculales,0.005418733,0,0,0
g__Chitinivorax,0,0,0.005418733,0
g__norank_f__norank_o__JG36-GS-52,0.005418733,0,0,0
g__unclassified_o__Pseudomonadales,0,0,0,0
g__norank_f__Steroidobacteraceae,0,0,0,0.005418733
g__Thermomonas,0,0,0,0
g__unclassified_o__Xanthomonadales,0,0,0,0
g__Chthoniobacter,0,0,0.005418733,0
g__IMCC26134,0,0,0.005418733,0
g__Opitutus,0,0,0,0
g__Ellin516,0,0,0,0
g__Brevifollis,0,0,0,0
g__norank_f__norank_o__norank_c__norank_p__WPS-2,0.005418733,0,0,0
g__IMCC26207,0,0,0,0
g__Ferruginibacter,0,0,0,0
g__Dyadobacter,0.002709366,0,0,0
g__norank_f__norank_o__Cytophagales,0,0,0.002709366,0
g__norank_f__Vampirovibrionaceae,0,0,0,0
g__Desulfomonile,0,0,0.002709366,0
g__Salipaludibacillus,0,0,0,0
g__UCG-002,0,0,0,0
g__Mogibacterium,0,0,0,0
g__Peptoclostridium,0,0,0,0
g__Phascolarctobacterium,0,0,0,0
g__unclassified_c__Gracilibacteria,0,0,0.002709366,0
g__AKYG587,0.002709366,0,0,0
g__unclassified_f__Pirellulaceae,0,0,0.002709366,0
g__unclassified_f__Devosiaceae,0,0,0,0
g__norank_f__Magnetospirillaceae,0,0,0.002709366,0
g__Lautropia,0,0,0,0
g__Hydrocarboniphaga,0.002709366,0,0,0
g__norank_f__norank_o__norank_c__norank_p__Schekmanbacteria,0,0,0.002709366,0
g__unclassified_p__Spirochaetota,0,0,0,0
g__norank_f__01D2Z36,0,0,0,0
g__norank_f__norank_o__S-BQ2-57_soil_group,0.002709366,0,0,0
g__norank_f__norank_o__AKIW659,0,0,0,0
g__norank_f__norank_o__PAUC26f,0,0,0,0
g__Paludibaculum,0,0,0,0
g__Aridibacter,0,0,0,0
g__Tellurimicrobium,0,0,0,0
g__norank_f__Blastocatellaceae,0,0,0,0
g__norank_f__norank_o__DS-100,0,0,0,0
g__norank_f__norank_o__Elev-16S-573,0,0,0,0
g__unclassified_c__Blastocatellia,0,0,0,0
g__norank_f__norank_o__norank_c__Subgroup_11,0,0,0,0
g__norank_f__norank_o__norank_c__Subgroup_22,0,0,0,0
g__norank_f__norank_o__norank_c__Subgroup_25,0,0,0,0
g__Thermoanaerobaculum,0,0,0,0
g__norank_f__norank_o__Subgroup_17,0,0,0,0
g__unclassified_o__Vicinamibacterales,0,0,0,0
g__unclassified_p__Acidobacteriota,0,0,0,0
g__Ilumatobacter,0,0,0,0
g__unclassified_f__Ilumatobacteraceae,0,0,0,0
g__norank_f__Microtrichaceae,0,0,0,0
g__unclassified_c__Acidimicrobiia,0,0,0,0
g__norank_f__norank_o__0319-7L14,0,0,0,0
g__F0332,0,0,0,0
g__Catenulispora,0,0,0,0
g__Smaragdicoccus,0,0,0,0
g__norank_f__norank_o__FFCH16263,0,0,0,0
g__Acidothermus,0,0,0,0
g__Frankia,0,0,0,0
g__unclassified_f__Frankiaceae,0,0,0,0
g__Antricoccus,0,0,0,0
g__Klenkia,0,0,0,0
g__unclassified_f__Geodermatophilaceae,0,0,0,0
g__Longivirga,0,0,0,0
g__unclassified_o__Frankiales,0,0,0,0
g__Angustibacter,0,0,0,0
g__Actinotalea,0,0,0,0
g__Cellulomonas,0,0,0,0
g__unclassified_f__Dermacoccaceae,0,0,0,0
g__Terrabacter,0,0,0,0
g__Arthrobacter,0,0,0,0
g__Nesterenkonia,0,0,0,0
g__Pseudarthrobacter,0,0,0,0
g__Sinomonas,0,0,0,0
g__Promicromonospora,0,0,0,0
g__unclassified_o__Micrococcales,0,0,0,0
g__Dactylosporangium,0,0,0,0
g__Hamadaea,0,0,0,0
g__Luedemannella,0,0,0,0
g__Virgisporangium,0,0,0,0
g__norank_f__Micromonosporaceae,0,0,0,0
g__norank_f__norank_o__PeM15,0,0,0,0
g__Actinopolymorpha,0,0,0,0
g__unclassified_f__Propionibacteriaceae,0,0,0,0
g__unclassified_o__Propionibacteriales,0,0,0,0
g__Actinomycetospora,0,0,0,0
g__Allokutzneria,0,0,0,0
g__Saccharopolyspora,0,0,0,0
g__unclassified_f__Pseudonocardiaceae,0,0,0,0
g__E1B-B3-114,0,0,0,0
g__Kitasatospora,0,0,0,0
g__unclassified_f__Streptomycetaceae,0,0,0,0
g__Microbispora,0,0,0,0
g__Sphaerisporangium,0,0,0,0
g__unclassified_f__Streptosporangiaceae,0,0,0,0
g__Actinoallomurus,0,0,0,0
g__Actinocorallia,0,0,0,0
g__Actinomadura,0,0,0,0
g__Thermobispora,0,0,0,0
g__norank_f__norank_o__CG2-30-50-142,0,0,0,0
g__Atopobium,0,0,0,0
g__norank_f__Eggerthellaceae,0,0,0,0
g__norank_f__norank_o__Coriobacteriales,0,0,0,0
g__unclassified_c__Coriobacteriia,0,0,0,0
g__norank_f__norank_o__norank_c__RBG-16-55-12,0,0,0,0
g__Rubrobacter,0,0,0,0
g__Patulibacter,0,0,0,0
g__norank_f__Solirubrobacteraceae,0,0,0,0
g__unclassified_o__Solirubrobacterales,0,0,0,0
g__norank_f__norank_o__norank_c__Thermoleophilia,0,0,0,0
g__unclassified_c__Thermoleophilia,0,0,0,0
g__norank_f__norank_o__Armatimonadales,0,0,0,0
g__Chthonomonas,0,0,0,0
g__unclassified_o__Fimbriimonadales,0,0,0,0
g__Porphyromonas,0,0,0,0
g__Paraprevotella,0,0,0,0
g__Prevotella,0,0,0,0
g__norank_f__norank_o__Bacteroidetes_VC2.1_Bac22,0,0,0,0
g__Aurantisolimonas,0,0,0,0
g__Dinghuibacter,0,0,0,0
g__Flavitalea,0,0,0,0
g__Niastella,0,0,0,0
g__unclassified_o__Chitinophagales,0,0,0,0
g__Candidatus_Amoebophilus,0,0,0,0
g__Candidatus_Paenicardinium,0,0,0,0
g__Imperialibacter,0,0,0,0
g__Marinoscillum,0,0,0,0
g__unclassified_f__Cyclobacteriaceae,0,0,0,0
g__Rufibacter,0,0,0,0
g__unclassified_f__Hymenobacteraceae,0,0,0,0
g__Chryseolinea,0,0,0,0
g__OLB12,0,0,0,0
g__Arsenicibacter,0,0,0,0
g__Flectobacillus,0,0,0,0
g__Larkinella,0,0,0,0
g__unclassified_o__Cytophagales,0,0,0,0
g__Crocinitomix,0,0,0,0
g__Empedobacter,0,0,0,0
g__unclassified_o__Flavobacteriales,0,0,0,0
g__norank_f__KD1-131,0,0,0,0
g__norank_f__Lentimicrobiaceae,0,0,0,0
g__unclassified_f__Lentimicrobiaceae,0,0,0,0
g__norank_f__LiUU-11-161,0,0,0,0
g__Mucilaginibacter,0,0,0,0
g__Nubsella,0,0,0,0
g__norank_f__Z4MB62,0,0,0,0
g__Ignavibacterium,0,0,0,0
g__norank_f__UA-50,0,0,0,0
g__norank_f__Rhodothermaceae,0,0,0,0
g__Bacteriovorax,0,0,0,0
g__unclassified_f__Bacteriovoracaceae,0,0,0,0
g__norank_f__norank_o__053A03-B-DI-P58,0,0,0,0
g__norank_f__WCHB1-02,0,0,0,0
g__SM23-31,0,0,0,0
g__unclassified_f__Calditrichaceae,0,0,0,0
g__norank_f__norank_o__norank_c__AD3,0,0,0,0
g__Levilinea,0,0,0,0
g__UTCFX1,0,0,0,0
g__Litorilinea,0,0,0,0
g__unclassified_f__Caldilineaceae,0,0,0,0
g__Candidatus_Chloroploca,0,0,0,0
g__Chloronema,0,0,0,0
g__FFCH7168,0,0,0,0
g__Oscillochloris,0,0,0,0
g__norank_f__AKIW781,0,0,0,0
g__unclassified_f__Thermomicrobiaceae,0,0,0,0
g__unclassified_c__Chloroflexia,0,0,0,0
g__norank_f__norank_o__GIF3,0,0,0,0
g__norank_f__norank_o__GIF9,0,0,0,0
g__norank_f__norank_o__RBG-13-46-9,0,0,0,0
g__norank_f__norank_o__norank_c__Dehalococcoidia,0,0,0,0
g__norank_f__norank_o__vadinBA26,0,0,0,0
g__norank_f__JG30-KF-AS9,0,0,0,0
g__1921-3,0,0,0,0
g__1959-1,0,0,0,0
g__FCPS473,0,0,0,0
g__G12-WMSP1,0,0,0,0
g__HSB_OF53-F07,0,0,0,0
g__norank_f__Ktedonobacteraceae,0,0,0,0
g__unclassified_f__Ktedonobacteraceae,0,0,0,0
g__norank_f__norank_o__Ktedonobacterales,0,0,0,0
g__norank_f__PBS-18,0,0,0,0
g__Chroococcidiopsis_SAG_2023,0,0,0,0
g__CENA533,0,0,0,0
g__Cylindrospermum_PCC-7417,0,0,0,0
g__Desmonostoc_PCC-7422,0,0,0,0
g__Dolichospermum_NIES41,0,0,0,0
g__Fischerella_PCC-9339,0,0,0,0
g__Nostoc_PCC-7107,0,0,0,0
g__Nostoc_PCC-73102,0,0,0,0
g__Nostoc_PCC-7524,0,0,0,0
g__Tolypothrix,0,0,0,0
g__unclassified_f__Nostocaceae,0,0,0,0
g__Limnothrix,0,0,0,0
g__unclassified_o__Oxyphotobacteria_Incertae_Sedis,0,0,0,0
g__unclassified_f__Vampirovibrionaceae,0,0,0,0
g__unclassified_o__Vampirovibrionales,0,0,0,0
g__norank_f__norank_o__Dadabacteriales,0,0,0,0
g__norank_f__UBA12411,0,0,0,0
g__norank_f__Desulfarculaceae,0,0,0,0
g__Desulfatitalea,0,0,0,0
g__Sva0081_sediment_group,0,0,0,0
g__norank_f__Desulfosarcinaceae,0,0,0,0
g__unclassified_f__Desulfosarcinaceae,0,0,0,0
g__unclassified_o__Desulfobacterales,0,0,0,0
g__Desulfobulbus,0,0,0,0
g__Desulfobacterium_catecholicum_group,0,0,0,0
g__norank_f__Desulfocapsaceae,0,0,0,0
g__unclassified_f__Desulfocapsaceae,0,0,0,0
g__MSBL7,0,0,0,0
g__unclassified_o__Desulfobulbales,0,0,0,0
g__Desulfuromonas,0,0,0,0
g__unclassified_c__Desulfuromonadia,0,0,0,0
g__norank_f__Syntrophobacteraceae,0,0,0,0
g__Elusimicrobium,0,0,0,0
g__norank_f__norank_o__FCPU453,0,0,0,0
g__unclassified_p__Elusimicrobiota,0,0,0,0
g__norank_f__norank_o__norank_c__norank_p__FCPU426,0,0,0,0
g__norank_f__Candidatus_Raymondbacteria,0,0,0,0
g__Fibrobacter,0,0,0,0
g__possible_genus_04,0,0,0,0
g__norank_f__MAT-CR-H6-H10,0,0,0,0
g__norank_f__TG3,0,0,0,0
g__BBMC-4,0,0,0,0
g__unclassified_o__Fibrobacterales,0,0,0,0
g__norank_f__norank_o__norank_c__norank_p__Firestonebacteria,0,0,0,0
g__Anaeroplasma,0,0,0,0
g__Alicyclobacillus,0,0,0,0
g__Effusibacillus,0,0,0,0
g__Anaerobacillus,0,0,0,0
g__Falsibacillus,0,0,0,0
g__Geobacillus,0,0,0,0
g__Oceanobacillus,0,0,0,0
g__Chungangia,0,0,0,0
g__Domibacillus,0,0,0,0
g__Jeotgalibacillus,0,0,0,0
g__Planococcus,0,0,0,0
g__Sporosarcina,0,0,0,0
g__Pullulanibacillus,0,0,0,0
g__Sporolactobacillus,0,0,0,0
g__Tuberibacillus,0,0,0,0
g__unclassified_o__Bacillales,0,0,0,0
g__Spiroplasma,0,0,0,0
g__Candidatus_Stoquefichus,0,0,0,0
g__Turicibacter,0,0,0,0
g__unclassified_f__Erysipelotrichaceae,0,0,0,0
g__Desemzia,0,0,0,0
g__Pediococcus,0,0,0,0
g__Weissella,0,0,0,0
g__Ammoniphilus,0,0,0,0
g__Cohnella,0,0,0,0
g__Gemella,0,0,0,0
g__Macrococcus,0,0,0,0
g__Baia,0,0,0,0
g__Laceyella,0,0,0,0
g__Melghirimyces,0,0,0,0
g__Pasteuria,0,0,0,0
g__Shimazuella,0,0,0,0
g__unclassified_f__Thermoactinomycetaceae,0,0,0,0
g__Fervidicella,0,0,0,0
g__norank_f__Caloramatoraceae,0,0,0,0
g__unclassified_f__Caloramatoraceae,0,0,0,0
g__Clostridium_sensu_stricto_11,0,0,0,0
g__Clostridium_sensu_stricto_12,0,0,0,0
g__Clostridium_sensu_stricto_16,0,0,0,0
g__Clostridium_sensu_stricto_19,0,0,0,0
g__Clostridium_sensu_stricto_2,0,0,0,0
g__Clostridium_sensu_stricto_3,0,0,0,0
g__Clostridium_sensu_stricto_5,0,0,0,0
g__Clostridium_sensu_stricto_6,0,0,0,0
g__Youngiibacter,0,0,0,0
g__norank_f__Clostridiaceae,0,0,0,0
g__norank_f__norank_o__Clostridiales,0,0,0,0
g__unclassified_o__Clostridiales,0,0,0,0
g__Alkalibacter,0,0,0,0
g__Defluviitalea,0,0,0,0
g__Anaerosporobacter,0,0,0,0
g__Anaerostignum,0,0,0,0
g__Cellulosilyticum,0,0,0,0
g__Epulopiscium,0,0,0,0
g__Eubacterium_ventriosum_group,0,0,0,0
g__Lachnoclostridium,0,0,0,0
g__Lachnospiraceae_FCS020_group,0,0,0,0
g__Lachnotalea,0,0,0,0
g__Marvinbryantia,0,0,0,0
g__Ruminococcus_torques_group,0,0,0,0
g__norank_f__norank_o__Lachnospirales,0,0,0,0
g__unclassified_o__Lachnospirales,0,0,0,0
g__norank_f__Ethanoligenenaceae,0,0,0,0
g__UCG-003,0,0,0,0
g__Anaerotruncus,0,0,0,0
g__Candidatus_Soleaferrea,0,0,0,0
g__Caproiciproducens,0,0,0,0
g__Fournierella,0,0,0,0
g__Eubacterium_yurii_group,0,0,0,0
g__Paraclostridium,0,0,0,0
g__Peptostreptococcus,0,0,0,0
g__Terrisporobacter,0,0,0,0
g__Crassaminicella,0,0,0,0
g__Finegoldia,0,0,0,0
g__Helcococcus,0,0,0,0
g__Parvimonas,0,0,0,0
g__Tissierella,0,0,0,0
g__unclassified_f__norank_o__Peptostreptococcales-Tissierellales,0,0,0,0
g__unclassified_o__Peptostreptococcales-Tissierellales,0,0,0,0
g__Thermincola,0,0,0,0
g__Gracilibacter,0,0,0,0
g__norank_f__Gracilibacteraceae,0,0,0,0
g__unclassified_f__Gracilibacteraceae,0,0,0,0
g__Acetivibrio,0,0,0,0
g__Anaerobacterium,0,0,0,0
g__Fastidiosipila,0,0,0,0
g__Pseudobacteroides,0,0,0,0
g__UCG-012,0,0,0,0
g__unclassified_o__norank_c__Clostridia,0,0,0,0
g__norank_f__norank_o__norank_c__D8A-2,0,0,0,0
g__Desulfosporosinus,0,0,0,0
g__unclassified_f__Desulfitobacteriaceae,0,0,0,0
g__norank_f__Heliobacteriaceae,0,0,0,0
g__Dehalobacter,0,0,0,0
g__Candidatus_Dichloromethanomonas,0,0,0,0
g__unclassified_o__Desulfitobacteriales,0,0,0,0
g__norank_f__Desulfallas-Sporotomaculum,0,0,0,0
g__Desulfotomaculum,0,0,0,0
g__Desulfurispora,0,0,0,0
g__Pelotomaculum,0,0,0,0
g__Acetonema,0,0,0,0
g__Anaerosinus,0,0,0,0
g__Anaerospora,0,0,0,0
g__Pelosinus,0,0,0,0
g__Sporomusa,0,0,0,0
g__norank_f__norank_o__Veillonellales-Selenomonadales,0,0,0,0
g__Symbiobacterium,0,0,0,0
g__norank_f__Symbiobacteraceae,0,0,0,0
g__unclassified_f__Symbiobacteraceae,0,0,0,0
g__Syntrophomonas,0,0,0,0
g__norank_f__Syntrophomonadaceae,0,0,0,0
g__unclassified_f__Syntrophomonadaceae,0,0,0,0
g__norank_f__norank_o__norank_c__norank_p__Firmicutes,0,0,0,0
g__Cetobacterium,0,0,0,0
g__norank_f__Leptotrichiaceae,0,0,0,0
g__norank_f__norank_o__norank_c__norank_p__GAL15,0,0,0,0
g__norank_f__norank_o__norank_c__MD2902-B12,0,0,0,0
g__unclassified_p__Gemmatimonadota,0,0,0,0
g__norank_f__Latescibacteraceae,0,0,0,0
g__norank_f__WX65,0,0,0,0
g__Aggregicoccus,0,0,0,0
g__Archangium,0,0,0,0
g__KD3-10,0,0,0,0
g__Myxococcus,0,0,0,0
g__unclassified_o__Myxococcales,0,0,0,0
g__norank_f__norank_o__MSB-4B10,0,0,0,0
g__Pseudenhygromyxa,0,0,0,0
g__unclassified_f__Nannocystaceae,0,0,0,0
g__norank_f__norank_o__PS-B29,0,0,0,0
g__Phaselicystis,0,0,0,0
g__Aetherobacter,0,0,0,0
g__Minicystis,0,0,0,0
g__Pajaroellobacter,0,0,0,0
g__Polyangium,0,0,0,0
g__Sorangium,0,0,0,0
g__norank_f__Polyangiaceae,0,0,0,0
g__unclassified_f__Polyangiaceae,0,0,0,0
g__norank_f__Sandaracinaceae,0,0,0,0
g__unclassified_f__Sandaracinaceae,0,0,0,0
g__unclassified_o__Polyangiales,0,0,0,0
g__norank_f__norank_o__UASB-TL25,0,0,0,0
g__norank_f__norank_o__norank_c__Polyangia,0,0,0,0
g__unclassified_c__Polyangia,0,0,0,0
g__unclassified_p__Myxococcota,0,0,0,0
g__Leptospirillum,0,0,0,0
g__unclassified_c__Thermodesulfovibrionia,0,0,0,0
g__norank_f__norank_o__Candidatus_Buchananbacteria,0,0,0,0
g__norank_f__norank_o__Candidatus_Komeilibacteria,0,0,0,0
g__norank_f__norank_o__Candidatus_Abawacabacteria,0,0,0,0
g__norank_f__norank_o__Candidatus_Peregrinibacteria,0,0,0,0
g__norank_f__norank_o__GWA2-38-13b,0,0,0,0
g__GTL1,0,0,0,0
g__norank_f__norank_o__norank_c__norank_p__Patescibacteria,0,0,0,0
g__norank_f__norank_o__norank_c__BD7-11,0,0,0,0
g__Candidatus_Brocadia,0,0,0,0
g__norank_f__norank_o__CCM11a,0,0,0,0
g__CL500-3,0,0,0,0
g__unclassified_f__Phycisphaeraceae,0,0,0,0
g__norank_f__norank_o__Pla1_lineage,0,0,0,0
g__norank_f__CPla-3_termite_group,0,0,0,0
g__unclassified_c__Phycisphaerae,0,0,0,0
g__norank_f__norank_o__norank_c__Pla3_lineage,0,0,0,0
g__Gemmata,0,0,0,0
g__Isosphaera,0,0,0,0
g__Paludisphaera,0,0,0,0
g__Singulisphaera,0,0,0,0
g__norank_f__Pirellulaceae,0,0,0,0
g__SH-PL14,0,0,0,0
g__unclassified_c__Planctomycetes,0,0,0,0
g__norank_f__norank_o__norank_c__norank_p__Poribacteria,0,0,0,0
g__Acidiphilium,0,0,0,0
g__Craurococcus-Caldovatus,0,0,0,0
g__Stella,0,0,0,0
g__Caedibacter,0,0,0,0
g__unclassified_o__Caulobacterales,0,0,0,0
g__norank_f__norank_o__Defluviicoccales,0,0,0,0
g__norank_f__Elsteraceae,0,0,0,0
g__norank_f__URHD0088,0,0,0,0
g__Taonella,0,0,0,0
g__unclassified_f__Holosporaceae,0,0,0,0
g__unclassified_o__Micavibrionales,0,0,0,0
g__Micropepsis,0,0,0,0
g__Candidatus_Finniella,0,0,0,0
g__Parvibaculum,0,0,0,0
g__Methylocystis,0,0,0,0
g__alphaI_cluster,0,0,0,0
g__norank_f__D05-2,0,0,0,0
g__norank_f__KF-JG30-B3,0,0,0,0
g__Kaistia,0,0,0,0
g__Labrys,0,0,0,0
g__unclassified_f__Methyloligellaceae,0,0,0,0
g__Pleomorphomonas,0,0,0,0
g__Aminobacter,0,0,0,0
g__Ciceribacter,0,0,0,0
g__Mesorhizobium,0,0,0,0
g__Phyllobacterium,0,0,0,0
g__norank_f__Rhizobiaceae,0,0,0,0
g__Alsobacter,0,0,0,0
g__Pseudorhodoplanes,0,0,0,0
g__Gemmobacter,0,0,0,0
g__Roseobacter_clade_CHAB-I-5_lineage,0,0,0,0
g__Rubellimicrobium,0,0,0,0
g__unclassified_f__Rhodospirillaceae,0,0,0,0
g__unclassified_o__Rhodospirillales,0,0,0,0
g__norank_f__AB1,0,0,0,0
g__Candidatus_Trichorickettsia,0,0,0,0
g__Rickettsia,0,0,0,0
g__norank_f__SM1B06,0,0,0,0
g__norank_f__norank_o__Rickettsiales,0,0,0,0
g__unclassified_f__norank_o__Rickettsiales,0,0,0,0
g__Ellin6055,0,0,0,0
g__SD04E11,0,0,0,0
g__Candidatus_Alysiosphaera,0,0,0,0
g__norank_f__Geminicoccaceae,0,0,0,0
g__norank_f__norank_o__Zavarziniales,0,0,0,0
g__norank_f__norank_o__1013-28-CG33,0,0,0,0
g__norank_f__norank_o__211ds20,0,0,0,0
g__KCM-B-112,0,0,0,0
g__Pseudoalteromonas,0,0,0,0
g__Shewanella,0,0,0,0
g__Alcaligenes,0,0,0,0
g__Castellaniella,0,0,0,0
g__Pandoraea,0,0,0,0
g__Paucibacter,0,0,0,0
g__Piscinibacter,0,0,0,0
g__Pseudorhodoferax,0,0,0,0
g__Gallionella,0,0,0,0
g__norank_f__Hydrogenophilaceae,0,0,0,0
g__MM2,0,0,0,0
g__norank_f__Methylophilaceae,0,0,0,0
g__Nitrosomonas,0,0,0,0
g__norank_f__Nitrosomonadaceae,0,0,0,0
g__Janthinobacterium,0,0,0,0
g__Procabacter,0,0,0,0
g__Candidatus_Accumulibacter,0,0,0,0
g__Propionivibrio,0,0,0,0
g__Uliginosibacterium,0,0,0,0
g__Zoogloea,0,0,0,0
g__norank_f__Rhodocyclaceae,0,0,0,0
g__norank_f__Cellvibrionaceae,0,0,0,0
g__C1-B045,0,0,0,0
g__norank_f__norank_o__EC3,0,0,0,0
g__Shimwellia,0,0,0,0
g__Pantoea,0,0,0,0
g__Hafnia-Obesumbacterium,0,0,0,0
g__Proteus,0,0,0,0
g__unclassified_o__Gammaproteobacteria_Incertae_Sedis,0,0,0,0
g__unclassified_f__Immundisolibacteraceae,0,0,0,0
g__norank_f__norank_o__KI89A_clade,0,0,0,0
g__Methylomagnum,0,0,0,0
g__norank_f__Methylococcaceae,0,0,0,0
g__HdN1,0,0,0,0
g__norank_f__Moraxellaceae,0,0,0,0
g__unclassified_f__Moraxellaceae,0,0,0,0
g__Azotobacter,0,0,0,0
g__norank_f__norank_o__R7C24,0,0,0,0
g__Nevskia,0,0,0,0
g__Polycyclovorans,0,0,0,0
g__unclassified_f__Solimonadaceae,0,0,0,0
g__unclassified_f__Steroidobacteraceae,0,0,0,0
g__Vibrio,0,0,0,0
g__Ahniella,0,0,0,0
g__Aquimonas,0,0,0,0
g__Dokdonella,0,0,0,0
g__norank_f__Rhodanobacteraceae,0,0,0,0
g__Arenimonas,0,0,0,0
g__unclassified_f__Xanthomonadaceae,0,0,0,0
g__norank_f__norank_o__norank_c__Gammaproteobacteria,0,0,0,0
g__norank_f__LH041,0,0,0,0
g__norank_f__norank_o__norank_c__MVP-15,0,0,0,0
g__M2PT2-76_termite_group,0,0,0,0
g__norank_f__norank_o__norank_c__V2072-189E03,0,0,0,0
g__norank_f__norank,0,0,0,0
g__unclassified_f__Chlamydiaceae,0,0,0,0
g__Estrella,0,0,0,0
g__Candidatus_Protochlamydia,0,0,0,0
g__Neochlamydia,0,0,0,0
g__Parachlamydia,0,0,0,0
g__norank_f__Parachlamydiaceae,0,0,0,0
g__norank_f__norank_o__WCHB1-41,0,0,0,0
g__norank_f__Lenti-02,0,0,0,0
g__norank_f__GWF2-44-16,0,0,0,0
g__norank_f__PRD18C08,0,0,0,0
g__unclassified_o__Omnitrophales,0,0,0,0
g__LD29,0,0,0,0
g__norank_f__Chthoniobacteraceae,0,0,0,0
g__unclassified_f__Chthoniobacteraceae,0,0,0,0
g__Candidatus_Xiphinematobacter,0,0,0,0
g__norank_f__norank_o__Chthoniobacterales,0,0,0,0
g__unclassified_o__Chthoniobacterales,0,0,0,0
g__Cephaloticoccus,0,0,0,0
g__Oikopleura,0,0,0,0
g__RS25G,0,0,0,0
g__norank_f__DEV007,0,0,0,0
g__Prosthecobacter,0,0,0,0
g__norank_f__Verrucomicrobiaceae,0,0,0,0
g__unclassified_f__Verrucomicrobiaceae,0,0,0,0
g__unclassified_c__Verrucomicrobiae,0,0,0,0
g__unclassified_p__Verrucomicrobiota,0,0,0,0
